case,variant,CAModel,源码预测,全局预测,局部预测,全局精度%,模型内加速倍数,vector写,vector读,predicate写,predicate读,动态Membar
Softmax,三循环 · 8 × 1024,654,,638,524,97.5535,1.2176,0,0,0,0,2
GeLU Poly,Unroll 1,2245,1928,1928,,85.8797,,0,0,0,0,0
GeLU Poly,Unroll 2,2021,1856,1856,,91.8357,,0,0,0,0,0
GeLU Poly,Unroll 4,1712,1777,1777,,96.2033,,0,0,0,0,0
GeLU Poly,Unroll 6,1670,1746,1746,,95.4491,,0,0,0,0,0
GeLU Poly,Unroll 8,1718,1717,1717,,99.9418,,0,0,0,0,0
GeLU Poly,Unroll 12,6037,1656,6016,1656,99.6521,3.6329,160,160,0,0,320
SwiGLU Grad,Unroll 1,1299,1228,1228,,94.5343,,0,0,0,0,0
SwiGLU Grad,Unroll 2,1302,1182,1182,,90.7834,,0,0,0,0,0
SwiGLU Grad,Unroll 4,1246,1154,1154,,92.6164,,0,0,0,0,0
SwiGLU Grad,Unroll 6,3281,1150,3073,1150,93.6605,2.6722,80,80,0,0,160
SwiGLU Grad,Unroll 8,8243,1073,8115,1125,98.4472,7.2133,205,216,0,0,421
AdamApplyOne,Unroll 1,516,461,461,,89.3411,,0,0,0,0,0
AdamApplyOne,Unroll 2,509,453,453,,88.998,,0,0,0,0,0
AdamApplyOne,Unroll 4,537,466,466,,86.7784,,0,0,0,0,0
AdamApplyOne,Unroll 6,1435,497,1310,497,91.2892,2.6358,32,32,0,0,64
AdamApplyOne,Unroll 8,3761,490,3635,509,96.6498,7.1415,89,114,0,0,203
GeLU Grad,单循环 Unroll 1,996,944,944,,94.7791,,0,0,0,0,0
GeLU Grad,单循环 Unroll 2,964,912,912,,94.6058,,0,0,0,0,0
GeLU Grad,单循环 Unroll 4,891,865,865,,97.0819,,0,0,0,0,0
GeLU Grad,单循环 Unroll 8,2553,883,,,,,40,40,24,24,128
GeLU Grad,U8 · 显式 vector + predicate spill,2541,,2421,862,95.2774,2.8086,40,40,24,24,128
GeLU Grad 三段循环,单循环 U1 参考,996,,944,,94.7791,,0,0,0,0,0
GeLU Grad 三段循环,单循环 U4 参考,891,,865,,97.0819,,0,0,0,0,0
GeLU Grad 三段循环,三段循环 · POST_UPDATE · 每段 U1,854,,932,,90.8665,,0,0,0,0,2
FlashAttention Grad 前段,原始单循环 U1,240,201,201,,83.75,,0,0,0,0,0
FlashAttention Grad 前段,原序直接展开 U2,234,201,201,,85.8974,,0,0,0,0,0
FlashAttention Grad 前段,最短生命周期重排 U2,264,201,201,,76.1364,,0,0,0,0,0
FlashAttention Grad 前段,集中加载 U2 · 编译器 spill,3237,208,3208,306,99.1041,10.4837,84,84,0,0,168
FlashAttention Grad 前段,Bank-aware U2 · 预取 1 组,228,204,204,,89.4737,,0,0,0,0,0
FlashAttention Grad 前段,Bank-aware U2 · 预取 2 组,229,205,205,,89.5197,,0,0,0,0,0
FlashAttention Grad 前段,Bank-aware U2 · 预取 3 组,234,202,202,,86.3248,,0,0,0,0,0
